deposit_hash,withdraw_hash,deposit_addr,withdraw_addr
0xac5b4ea2879d99f7ed8f49b3ecbe5cf76d7b5cec1cf85ba67710b369132e73d3,0xf9d15a38990a075ac52e44d90a6bcdfe0fbb0cf986cd2f9606a3ec704da5eac6,0xb71cadfc6868d734a30630570f461288301fdad0,0x6b140e79db4d9bbd80e5b688f42d1fcf8ef97798
0x8a0dde1e261329a35568404ee97d25e9e55e8c5dc5bde381d2571915f6480dfd,0x03ca9375b3190d740c30c496677c4435423ef3ef0a680cc11f744461932a0947,0xbe84593488fd7bb9eddd8184742febac38856b79,0x57b5a6e1822bb92e9d80652161425e929893d9c6
0xc6b8c83895977d3fbc68aff993bc8a4fc4bb6fcdc6d983c9623f4147e6b2c54b,0x00e57181fadf5d78730a3cfdc0b23ea948bade16fab433f25111cdaa00c53d00,0x300b950c3e247092844c405abcb832451107bfa9,0x6b140e79db4d9bbd80e5b688f42d1fcf8ef97798
0xb48488fea9ec33cae8aada01ac051797a1f0f744686cb90c38384290ef899cea,0x381db3a2802a29c8545117d211583acc8fef38d27234037962ad79a73023f097,0x05004bb38c546ee2b2cf90578faeeab407ff0fe1,0x64cf3c97db455f5cae99f68d0c8a442b50db2b09
0xaabdab1c3ec254befe66eb9b019de5c8f5f8ceffd97753069e08ee2c528b4eb1,0x1f9677abf17fde2d82c33b012f8ffd253beee68fa7a54fa30ca942f6f4a167eb,0xa2d905addddbfb51cbf9cb4670b2a612990b802c,0xfca7c5cf95821f3d45b9949de6e2846d66af819f
0x7537db8e20d143b83345bf4dfef14d21436c8c18ec8c881eb7708c689b4a8984,0xc54f6a6b43fba66d36b7cdfa733ab69810288c4fd3d2684f27d9667af394b7df,0xcfdd6b04358b303e7b350f81ee2a89757be8b8b6,0xa8840731d8e165fc5e5177d98d4b56f604729fcc
0x438ee477604b2cb0c5ea3d050c0a25bcb1a4c4b2fc5acbbb5fa674dea2619280,0x5a608c3413e9bd07ff33d3f810aeda905147d2986c77859339e5e5fd28b113cb,0x3e9f4891a14bddfdf82650b42f4ac23623de7d13,0x6b140e79db4d9bbd80e5b688f42d1fcf8ef97798
0x87ccf76e84cd3b88639944482ac2c287f635aa94d099cba79add47badcf8e13c,0xba9709c180aac3239aa5da3eefdf33b9f7447865a2661047b12f3f827de66292,0x93623f322856e03545c74ce9f1039de25095f0b8,0xdd74ed7c17b2b6349f22cf2d718d04b0926ec35c
0xa23b8e4fde26d9cca17d6eb79809a6c5163d12c605b1a54d3998538502bb383b,0xe53c2b47dbc9a4775f600e1328ca4660008ba975c31163ead906217fa46cc11d,0x6db6662e9b98448b594dc1e0770d569fa63f0e86,0xda273fc0176bd687755cd2531d14aad139615c41
0xa04b4ae3700beb544010bbad0829f0c0baa0cead25d4727483e5587850828a4f,0xba977764b7a2522520a56a82b8d7100c1e815cc2a39b1e89591e828e9f22cf67,0x1b0056b82cdfa9a856872e55a8674709e223c719,0xbbda8f5c4b8b92961443b725bfd006fc9c8cacf9
0x0d91fc565e14bbb252f10b6eb6b90434bf0c91c21448046c2f63d56c1729c01b,0xaf8583fd7ae3fce652d706f8d4a505a4157abc9987c3102c598f45c22cc59eb0,0x8bc00cde3501f6d558f79a05186c2b0fd91eb2ac,0x3c9af946c5f73d46b0adba1badb91252d600690e
0xcc23690997583114e09407321f1d205484f8fa071cd96a6ca5f389889e5f11ad,0x4dbcdd5d8d790b4d9eb583bf79ec70c8d496624c13a28676fa2974f3e3477250,0x644bd3f3a92acea4e2e65f1d5f2b3978ce3f45fa,0x33b148fefd46c30074ac0196a00d558935e73527
0xf4c260bc6bea13f41ed0cff81fa8cce2319fb63625cb60b5ed2b3d0f1dee8245,0x05b77fd953550d40d032f9341c9a83b0b28e1d6bbd5fd3a05f93fbad248dfc90,0x9c8905dba9a44bc8faa197d8f2df50b2a289ccf1,0x64cf3c97db455f5cae99f68d0c8a442b50db2b09
0x673ccf4fe4cd7f563276480c62772fc46aaa58bf6a5353319f75cff9ce1245c1,0x8e4955689bb26084a1c25d1b89431189546c0604d2272ef013451ca0fc740973,0x7021c1b142eb634fa0749cda270c7aff74dc3b7f,0x00000076f2291f950c9b7c5af2c8b618b727080e
0x4e93d0a0272a23de2e549b2309e42aafa362ebe85444a2e1de587adb08526090,0x3c690fdd5536a7976873bef2d005a84c2194fff0145dc7de15be8093acf307bd,0x25d4a755fff15c583c875b7b4e57567dacd5915a,0x4f44c1226eb9d13ae5941ded9cc1e6a4e099a68f
0x5cab05b9321b60b0b6e0b61416496a146c2fd50d25ecfe80ab0abf8707e436a5,0x30aaa98d4dbd6e944f0d41b2171bb93954ad83f6acbf11e3c263a05bc5d540a9,0xe8b2b5a8a4174b256828fca0f40a8831521160e5,0x6d8e2261dbb239819afccc762db54359f05a59fe
0x6b63c4ee1412e18fc5c121c2e9182251ad8e793d6a24d63dd45a0e8f634dd919,0x7d69999862567663ad56b629d449d0b796215d7527f003a3d885a0991da3b25b,0x391a03bfab449f6c8c6e9f2217744c078a02311e,0xd2bb5b50650597e912cad917206368925288900a
0x708d040244c4e5eb0fa42a681891d0de7b54e1317734558a71cf7708e44d7c7d,0xaa5540a7c1b3d3f6c3137a3350970c757951ca8d89ec25af9e286a428ca1f030,0xa72ef37a06a89245488640c4d2bd60e961f90038,0xb2d1bbddb0da244d4e402e3027dea00c991ab21e
0xacc89b54d26f4297b70f1745490af006ab837cc9ae7215af91acc07806c0b865,0x1f9f636b8f14e974868fbbbbe6b93985f99907f2ec19179550271b92ad1ab736,0x8970d1ed3e79bc30019930cce6c9c2ff3b74db7c,0xbbc399b06e2e5bda195f733a6cd6f52f1066d1a8
0x79dcdbc601eb08f70477fa7adc1f1294eab9f038b1f00c16bea4c4fc1cbc7ac1,0x2616433d2a41d501a4ca494e9bc3959325b29479935a0d270d008401f8b15d80,0x4dbc851221e9c4a4d7a35d990d604fdb3fe11c13,0xda273fc0176bd687755cd2531d14aad139615c41
0xce12e0a468996df04d497e8a24c5d9cdb031771e09cf2e658993cb0521362571,0x51853e00a593f880090b0971d287366648112f290458864b02ad65e396cfc244,0x59a1b7aae77d54a80c3b2e9e000e8e481c3837ac,0x2c322f852a90a55df685a68fe94650c57fb683e3
0x8f50c5975fea8c5ff0f9332b7c5f1e21e14c07fb1b69cbc9d49843cd9ee22eda,0xd7799223f3d0332af65f952be753116d1f60a6bddfc18f8c81a9a40d3bdf8ade,0x0bb59f0a4b92a4c64e8a42ab22fbcee79f35e9ab,0x152c87044d74040b267b260970187100cd29190e
0xf4c260bc6bea13f41ed0cff81fa8cce2319fb63625cb60b5ed2b3d0f1dee8245,0x79704c167f102b85f8771ea360d90e459e1a5ca4dbd80b9057e8bbf92e16f137,0x9c8905dba9a44bc8faa197d8f2df50b2a289ccf1,0x64cf3c97db455f5cae99f68d0c8a442b50db2b09
0x07388c9d24f8d073c9c27f180399c789c0c16beddc36b20f0dc9fa01e62eedac,0x8f96e1b49f852c91a2207f49ad810001320c6e5bab222c8427294da8480e0711,0x7728915cacf36928795ebd1f655110ca241fd341,0xa5cd0b6c2529ba5f0dbf42c31bb0e5357f4f7943
0x12d65a1d220b3d0b98033e05d5fe3d3011a6c11f1b628bcfb58363da52845e15,0x4dbcdd5d8d790b4d9eb583bf79ec70c8d496624c13a28676fa2974f3e3477250,0x644bd3f3a92acea4e2e65f1d5f2b3978ce3f45fa,0x33b148fefd46c30074ac0196a00d558935e73527
0x21989a54d57d3ab8b659ac2ffc22cdb4c3d751fd5ccdf1e0aeffb61b1f55f2d8,0x6ac66f7d623754538e6a84794762dfb77a310af7f019b6067796e986aaf16d0b,0xcc118264e9182f49e0cf0e00e1c35c273d53c88a,0x071324ae3eb542b6c5b98152918c9ebe3d37a782
0xd70989364c585af45361be1cca56ca05348524b7117deeeffb1fca146f8b3e6c,0x2616433d2a41d501a4ca494e9bc3959325b29479935a0d270d008401f8b15d80,0x4dbc851221e9c4a4d7a35d990d604fdb3fe11c13,0xda273fc0176bd687755cd2531d14aad139615c41
0x627e3e0895bda6a74c00d2cedc956a34528b59db6861cdfcfa1961993f6500a7,0x00e57181fadf5d78730a3cfdc0b23ea948bade16fab433f25111cdaa00c53d00,0xb71cadfc6868d734a30630570f461288301fdad0,0x6b140e79db4d9bbd80e5b688f42d1fcf8ef97798
0x79dcdbc601eb08f70477fa7adc1f1294eab9f038b1f00c16bea4c4fc1cbc7ac1,0xe53c2b47dbc9a4775f600e1328ca4660008ba975c31163ead906217fa46cc11d,0x4dbc851221e9c4a4d7a35d990d604fdb3fe11c13,0xda273fc0176bd687755cd2531d14aad139615c41
0xb48488fea9ec33cae8aada01ac051797a1f0f744686cb90c38384290ef899cea,0x735dc0e21587340451436e01bdc649c423f00a5fb5087de6c0e45484a5df2bb1,0x05004bb38c546ee2b2cf90578faeeab407ff0fe1,0x64cf3c97db455f5cae99f68d0c8a442b50db2b09
0x4a3e94fc02f8b2642e14094fbec1675cb25f2af2b5b0b3415e71ef6e35d2fd05,0xc15a64e18e60d870ffb4c840495fc2636856b90d7cd84f4dfbaaae6827388a03,0xa477803db91cb844d67742427e3573a9e8d19993,0x39ab5c8bf5ce56993d375143cd9084bb202b5c02
0xf4c260bc6bea13f41ed0cff81fa8cce2319fb63625cb60b5ed2b3d0f1dee8245,0x70fa370d72a24f3fd93f69c0a135345c02a969c67efd98e175aed7615e0ecd35,0x9c8905dba9a44bc8faa197d8f2df50b2a289ccf1,0x64cf3c97db455f5cae99f68d0c8a442b50db2b09
0xc60ef3dfcab93de6b171f151f93a3f0299300ae1995c7b56f96757ae4635fdb9,0x1b24a37b9a02a5deed30d1f6a3eeab2b7fa0012c6fb250f586ccaea328741882,0xc782b3d3a484aaba2c60b1238921ce0c0f6fd50c,0x7749370403ba2440c78a9dc427e1124e8107e0c9
0xcc23690997583114e09407321f1d205484f8fa071cd96a6ca5f389889e5f11ad,0x4fb1f5c7f988811439c8b69837e109cc1e0261d87de53d836fefaae682e36ef1,0x644bd3f3a92acea4e2e65f1d5f2b3978ce3f45fa,0x33b148fefd46c30074ac0196a00d558935e73527
0xda04eb4e3c1c56d26a8f96246c92e9038f0b9be07da4ca9c95486985b1d0f557,0xcb2f4b88b31fc11c7be487e218ab5ecaf2c655ffe675d05ba5ea67bce457f258,0x143b2d1a471ef576f8e6c14683b38f1c2e9b4e3e,0x25516d338f2f04e975a5539c069226ae7137a282
0x5c6708af51eb739dd103c456c200674b2dfac1efff5acc8d14a31f94b112b7bf,0xa1992cce27df2d6b51169b9672400ef38cc87ebbd5d43c7da4738043a572a833,0x582ff3efe65beecbaf42bb2bb155299241dc929d,0xbbda8f5c4b8b92961443b725bfd006fc9c8cacf9
0x412765c7bee5a088a1d5c085f88be527e31763b7e3a3a129463776cb5808b717,0xc7fc1664088b2f742bac2223fb2356f1b61aafa4112c408a907454df529fbf23,0x5efd1762df822cd0b1c4c1e57d6a0304860b236c,0x9d173b3c4f6aeabf066edaea878abc1e6d1b6776
0xda112da210675613b1d6c2a7638bfdfbdeb432fe62e4ca518496bc0afda414ab,0xf9d15a38990a075ac52e44d90a6bcdfe0fbb0cf986cd2f9606a3ec704da5eac6,0x9bbf5c9c68b1a50334823b47d66f75a1429f4e45,0x6b140e79db4d9bbd80e5b688f42d1fcf8ef97798
0x448753029e4f02e294d64b14b39f9292271b2b2098201d55b6912f9da843fb8e,0x9d79c7af3651d459eb614b962ec95d04c6222be50d0689ce73f79fd7fc38ac7f,0x8fbc68a7896acf5a94ddaf5201431d83e9953dbb,0xb3bd22604e895de88074585ac8a05d1a52c2c292
0xfd9d44815128371b46b7d5fbc2c00967ae6efa6d5ee40811a47399ae4e3f4c70,0x668cde0fd9c95dcbfec972fd565f577138a656cb116e359e133b0b28f56e930b,0x0e90b2e2c5978edcf4363317f01d67e4bdae8d2a,0xcc78a24926dbd0bc6349ad223e20416fbfc2f66c
0x438ee477604b2cb0c5ea3d050c0a25bcb1a4c4b2fc5acbbb5fa674dea2619280,0xcb2f4b88b31fc11c7be487e218ab5ecaf2c655ffe675d05ba5ea67bce457f258,0x3e9f4891a14bddfdf82650b42f4ac23623de7d13,0x25516d338f2f04e975a5539c069226ae7137a282
0x708d040244c4e5eb0fa42a681891d0de7b54e1317734558a71cf7708e44d7c7d,0x62fd41c85942ca168629082bc8d61bbe997073baedffaeb778da17b9ea930531,0xa72ef37a06a89245488640c4d2bd60e961f90038,0xb2d1bbddb0da244d4e402e3027dea00c991ab21e
0xf4c260bc6bea13f41ed0cff81fa8cce2319fb63625cb60b5ed2b3d0f1dee8245,0x0745bd2a01b6643cf288369eba4aef5c5796c6e61f4ec01ff727f0160faaef82,0x9c8905dba9a44bc8faa197d8f2df50b2a289ccf1,0x38162e9b2a3e088cb71e19d423be1c86500655dc
0x79dcdbc601eb08f70477fa7adc1f1294eab9f038b1f00c16bea4c4fc1cbc7ac1,0xd40cb15b823e181b85d8dac3f1f17ad62ecad1c1774c8233c0542c4481250184,0x4dbc851221e9c4a4d7a35d990d604fdb3fe11c13,0xda273fc0176bd687755cd2531d14aad139615c41
0x083bee059bffe1993baebce8347052af2ad542b01a4547c3be2277890ef834ba,0x6ac66f7d623754538e6a84794762dfb77a310af7f019b6067796e986aaf16d0b,0x904d3af070a66accdd3642e28044303cc307cb6f,0x071324ae3eb542b6c5b98152918c9ebe3d37a782
0x5c6708af51eb739dd103c456c200674b2dfac1efff5acc8d14a31f94b112b7bf,0x39e66e4c518e6658d2445091b0348f4dc39f3fe520f453a149cdd35087a6453e,0x582ff3efe65beecbaf42bb2bb155299241dc929d,0x6b140e79db4d9bbd80e5b688f42d1fcf8ef97798
0x65711494108bae98323ae57e1123cf14981b9a9e1faf347d10bfd7babf769910,0x00e57181fadf5d78730a3cfdc0b23ea948bade16fab433f25111cdaa00c53d00,0x582ff3efe65beecbaf42bb2bb155299241dc929d,0x6b140e79db4d9bbd80e5b688f42d1fcf8ef97798
0xf970eaaaaf017f0e5e1611aa3e1071f02a03cea25f965071b42776826c9b7e4d,0xcb2f4b88b31fc11c7be487e218ab5ecaf2c655ffe675d05ba5ea67bce457f258,0x9bbf5c9c68b1a50334823b47d66f75a1429f4e45,0x25516d338f2f04e975a5539c069226ae7137a282
0x220790c91c3b776e615ae6c5a00b6a3945e745d9f78685ec9c929bdf54ac955c,0x62d2ff6cd354513240a9639d9b049675a0fc36b96a512ac892fe09e94c0e491c,0x4bb0bfa344220f20049b82831e476ec3cbe2958d,0x6b140e79db4d9bbd80e5b688f42d1fcf8ef97798
0xfffbbd544d55f39b8d51884dd8cc56e70dd95dba9e5b2b8bb6f21e8ba4e0bf48,0xa99ef05546ce528ab715b1de7a08e96a086be8824be7a21c1606b1c4d95f674d,0x4927af7fc0f772d06a3cbece0b531d49dbe7d36d,0xbbc399b06e2e5bda195f733a6cd6f52f1066d1a8
0x7c3186d87ccdc3d17f810dd97b0fe7495a761b84b63154c69ff0c7e270e43789,0x998c3d85e0c763f11e191ac6b5b8d7f97143f088e88a60abb100550374e464d1,0x2115051357c589ce43590cc9ec03bdd640f281e1,0xbbc399b06e2e5bda195f733a6cd6f52f1066d1a8
0xb48488fea9ec33cae8aada01ac051797a1f0f744686cb90c38384290ef899cea,0x71619aad014e4b112a3655564c5cfd6160e30db9fedff703858d67a9b362589a,0x05004bb38c546ee2b2cf90578faeeab407ff0fe1,0x64cf3c97db455f5cae99f68d0c8a442b50db2b09
0xf4c260bc6bea13f41ed0cff81fa8cce2319fb63625cb60b5ed2b3d0f1dee8245,0x5eaa3922e020519d43109134fc506c308b791f89d918a0687adddcf4c2acf0fc,0x9c8905dba9a44bc8faa197d8f2df50b2a289ccf1,0x64cf3c97db455f5cae99f68d0c8a442b50db2b09
0xb0c5c5946a7abf422b1cae19331905f5fdf092a4327e09ae6617f48d734d37c3,0xb295bd753692badc409ad6df590458cb55b20f4958acdd40cf5c1b9e150895b3,0xa2d905addddbfb51cbf9cb4670b2a612990b802c,0xfca7c5cf95821f3d45b9949de6e2846d66af819f
0xb48488fea9ec33cae8aada01ac051797a1f0f744686cb90c38384290ef899cea,0x17ed7217f76817dc852c85669b9c372fefc3fd4bc745608e286317acc5f20cd3,0x05004bb38c546ee2b2cf90578faeeab407ff0fe1,0x64cf3c97db455f5cae99f68d0c8a442b50db2b09
0x5243bb162e3612d8cdbe67a88977469c60e70472bd7576ae4bd2fd26000fef3f,0xcd5b08e58b89e6588fbb747c01fb36489b30cd697e1de9654c55076bf422d3b1,0x34d3119a6b983af8eec6bcebd79bc5a235671b5b,0x25516d338f2f04e975a5539c069226ae7137a282
0x5c6708af51eb739dd103c456c200674b2dfac1efff5acc8d14a31f94b112b7bf,0xf1d6b58a00310066599f198957e3dfcc0c0d72405cef8cedf434637dce568d07,0x582ff3efe65beecbaf42bb2bb155299241dc929d,0x25516d338f2f04e975a5539c069226ae7137a282
0x66bfac8ed1745b13f762a37620495e92a3d740529f7161c7ca61c9991bccc264,0x1a262284fafc2c50d35b01921f81e0d202e3a281e65c04c699d69b87aca1c597,0x1b0056b82cdfa9a856872e55a8674709e223c719,0x073cdd1bc9ee98f49bb779b91090955e30ed55ff
0x803a00070405f4c88d309de6ecbf333e50564fa82b5f7d258d260f01c78cf0da,0x4dbcdd5d8d790b4d9eb583bf79ec70c8d496624c13a28676fa2974f3e3477250,0x644bd3f3a92acea4e2e65f1d5f2b3978ce3f45fa,0x33b148fefd46c30074ac0196a00d558935e73527
0x26e12c937b10a026e7131495179f006b8a006e51340b92a1cf4e048d4f7ba5cf,0xa94c474c49734ff763ee71e4440be1af48bcf83b4600016766e0b328cc1ace65,0x71c0bf30e1c6576dd5236dca6f860b994aa16a06,0xb3bd22604e895de88074585ac8a05d1a52c2c292
0xf4c260bc6bea13f41ed0cff81fa8cce2319fb63625cb60b5ed2b3d0f1dee8245,0x17ed7217f76817dc852c85669b9c372fefc3fd4bc745608e286317acc5f20cd3,0x9c8905dba9a44bc8faa197d8f2df50b2a289ccf1,0x64cf3c97db455f5cae99f68d0c8a442b50db2b09
0x47b9be0edac3189433f946aaa79c51783e4d4c83f0c9f9ec282615e4174c7e35,0x30aaa98d4dbd6e944f0d41b2171bb93954ad83f6acbf11e3c263a05bc5d540a9,0x0fbde6f4517f2253155fc03a3a76882dc837ceb0,0x6d8e2261dbb239819afccc762db54359f05a59fe
0x842084302b7da16c8849d1e6222167fc5c9755f570dd92206d6ef85a4ef71298,0x0fc5083dee479a1a8dd0dfe3af01313f1b4294e1b37fee1159771157ada98839,0x0e90b2e2c5978edcf4363317f01d67e4bdae8d2a,0x6b140e79db4d9bbd80e5b688f42d1fcf8ef97798
0x2d8c5829cb80cd4ce09bb835cc86a8e672ab5c2e8d30bd93e37b76ee09c57dd2,0x4dbcdd5d8d790b4d9eb583bf79ec70c8d496624c13a28676fa2974f3e3477250,0x644bd3f3a92acea4e2e65f1d5f2b3978ce3f45fa,0x33b148fefd46c30074ac0196a00d558935e73527
0xaabdab1c3ec254befe66eb9b019de5c8f5f8ceffd97753069e08ee2c528b4eb1,0xfe4914697b72dd1996b1396fab6fe07820a260dae17065c40e3f6bcbb0639219,0xa2d905addddbfb51cbf9cb4670b2a612990b802c,0xfca7c5cf95821f3d45b9949de6e2846d66af819f
0x55521b2239105771e498b62c3463cc835d171469bf75c1b0c2651b567a5fb113,0x998c3d85e0c763f11e191ac6b5b8d7f97143f088e88a60abb100550374e464d1,0x2115051357c589ce43590cc9ec03bdd640f281e1,0xbbc399b06e2e5bda195f733a6cd6f52f1066d1a8
0x220790c91c3b776e615ae6c5a00b6a3945e745d9f78685ec9c929bdf54ac955c,0x39e66e4c518e6658d2445091b0348f4dc39f3fe520f453a149cdd35087a6453e,0x4bb0bfa344220f20049b82831e476ec3cbe2958d,0x6b140e79db4d9bbd80e5b688f42d1fcf8ef97798
0xacc89b54d26f4297b70f1745490af006ab837cc9ae7215af91acc07806c0b865,0x998c3d85e0c763f11e191ac6b5b8d7f97143f088e88a60abb100550374e464d1,0x8970d1ed3e79bc30019930cce6c9c2ff3b74db7c,0xbbc399b06e2e5bda195f733a6cd6f52f1066d1a8
0x10513a573aa0ece96d9c43a4684b80b7ad53055b28b8422d5c1d661ae1346c15,0xc116df6947247ee2dd86b5cbc0ce4da30a868218e5357f36887c1302f9bd55c9,0xaaae2fbcc5ed79e3180cb06aa805946e875e5d7d,0x3358703c6b5683588d34cd2e834fffed40b188a6
0xe9f50c101d1a5f35b2c1ad00cd0db2cb24017e840e78c2f10d93a2700bb4ed61,0xe772e9377a291c89a0de455e28853fd2523f783c2460e20b7d854f8cb0fa47a4,0x788550d00579f66c06ce209d14056c8f2c0a8188,0xb2d1bbddb0da244d4e402e3027dea00c991ab21e
0xf4c260bc6bea13f41ed0cff81fa8cce2319fb63625cb60b5ed2b3d0f1dee8245,0xa9339dbc49a7a7c09758537b84879dcbd7d6cc8410ceec769c615e4eb10d653a,0x9c8905dba9a44bc8faa197d8f2df50b2a289ccf1,0x64cf3c97db455f5cae99f68d0c8a442b50db2b09
0xc6b8c83895977d3fbc68aff993bc8a4fc4bb6fcdc6d983c9623f4147e6b2c54b,0x5a608c3413e9bd07ff33d3f810aeda905147d2986c77859339e5e5fd28b113cb,0x300b950c3e247092844c405abcb832451107bfa9,0x6b140e79db4d9bbd80e5b688f42d1fcf8ef97798
0x07388c9d24f8d073c9c27f180399c789c0c16beddc36b20f0dc9fa01e62eedac,0x1b5fa3867cd05e33367abea41ce90286bface3511c2b8837a8acf1eba4a67a06,0x7728915cacf36928795ebd1f655110ca241fd341,0xa5cd0b6c2529ba5f0dbf42c31bb0e5357f4f7943
0x438ee477604b2cb0c5ea3d050c0a25bcb1a4c4b2fc5acbbb5fa674dea2619280,0x00e57181fadf5d78730a3cfdc0b23ea948bade16fab433f25111cdaa00c53d00,0x3e9f4891a14bddfdf82650b42f4ac23623de7d13,0x6b140e79db4d9bbd80e5b688f42d1fcf8ef97798
0xf4c260bc6bea13f41ed0cff81fa8cce2319fb63625cb60b5ed2b3d0f1dee8245,0x97b1310f28e5fbe99b8885b6be4db245d898f4a7848dcae3d067cbb2c710af8e,0x9c8905dba9a44bc8faa197d8f2df50b2a289ccf1,0x64cf3c97db455f5cae99f68d0c8a442b50db2b09
0xb48488fea9ec33cae8aada01ac051797a1f0f744686cb90c38384290ef899cea,0x5eaa3922e020519d43109134fc506c308b791f89d918a0687adddcf4c2acf0fc,0x05004bb38c546ee2b2cf90578faeeab407ff0fe1,0x64cf3c97db455f5cae99f68d0c8a442b50db2b09
0x272f7b3c667939b094ad2fdeebb8d56ab9e7aa47ea062517e036801bdfaca110,0xcb2f4b88b31fc11c7be487e218ab5ecaf2c655ffe675d05ba5ea67bce457f258,0x37bf8c9d65bab26fef9c716e4d836c18f8a994ae,0x25516d338f2f04e975a5539c069226ae7137a282
0xb0c5c5946a7abf422b1cae19331905f5fdf092a4327e09ae6617f48d734d37c3,0xfe4914697b72dd1996b1396fab6fe07820a260dae17065c40e3f6bcbb0639219,0xa2d905addddbfb51cbf9cb4670b2a612990b802c,0xfca7c5cf95821f3d45b9949de6e2846d66af819f
0xaabdab1c3ec254befe66eb9b019de5c8f5f8ceffd97753069e08ee2c528b4eb1,0xb295bd753692badc409ad6df590458cb55b20f4958acdd40cf5c1b9e150895b3,0xa2d905addddbfb51cbf9cb4670b2a612990b802c,0xfca7c5cf95821f3d45b9949de6e2846d66af819f
0x28db790e5a64eec6e659950e8694f40af272cae3336edc1593ad2d537a702ffd,0xd7799223f3d0332af65f952be753116d1f60a6bddfc18f8c81a9a40d3bdf8ade,0x0bb59f0a4b92a4c64e8a42ab22fbcee79f35e9ab,0x152c87044d74040b267b260970187100cd29190e
0xd081ee840ac4e28316f3e8f963a6c5527e67c17dd21c52bd9401fa9f7dbd390d,0xd7799223f3d0332af65f952be753116d1f60a6bddfc18f8c81a9a40d3bdf8ade,0x0bb59f0a4b92a4c64e8a42ab22fbcee79f35e9ab,0x152c87044d74040b267b260970187100cd29190e
0xb0c5c5946a7abf422b1cae19331905f5fdf092a4327e09ae6617f48d734d37c3,0x50376b80c9eb9ec84ead96319f8df5846f908313bfb445815eae964f7115742b,0xa2d905addddbfb51cbf9cb4670b2a612990b802c,0xfca7c5cf95821f3d45b9949de6e2846d66af819f
0xd0a525c6a9290babd408a2157666d13d746f9ea458b67a9845353b048da85992,0xcb2f4b88b31fc11c7be487e218ab5ecaf2c655ffe675d05ba5ea67bce457f258,0xb8b1387cb3fbedd877283e51933c8438a2ee216b,0x25516d338f2f04e975a5539c069226ae7137a282
0x220790c91c3b776e615ae6c5a00b6a3945e745d9f78685ec9c929bdf54ac955c,0xa1992cce27df2d6b51169b9672400ef38cc87ebbd5d43c7da4738043a572a833,0x4bb0bfa344220f20049b82831e476ec3cbe2958d,0xbbda8f5c4b8b92961443b725bfd006fc9c8cacf9
0x8804c805450a0af244b2d0b2a4abf4b083833a6b0eb8baa0af4015ad0bbc90fa,0x1f9f636b8f14e974868fbbbbe6b93985f99907f2ec19179550271b92ad1ab736,0x8970d1ed3e79bc30019930cce6c9c2ff3b74db7c,0xbbc399b06e2e5bda195f733a6cd6f52f1066d1a8
0xf970eaaaaf017f0e5e1611aa3e1071f02a03cea25f965071b42776826c9b7e4d,0x5a608c3413e9bd07ff33d3f810aeda905147d2986c77859339e5e5fd28b113cb,0x9bbf5c9c68b1a50334823b47d66f75a1429f4e45,0x6b140e79db4d9bbd80e5b688f42d1fcf8ef97798
0xda04eb4e3c1c56d26a8f96246c92e9038f0b9be07da4ca9c95486985b1d0f557,0x5a608c3413e9bd07ff33d3f810aeda905147d2986c77859339e5e5fd28b113cb,0x143b2d1a471ef576f8e6c14683b38f1c2e9b4e3e,0x6b140e79db4d9bbd80e5b688f42d1fcf8ef97798
0x842084302b7da16c8849d1e6222167fc5c9755f570dd92206d6ef85a4ef71298,0xd41cf5a6234c957b3ac6f7ed23a0984ca4fdbde9913760af689482b0d916c80e,0x0e90b2e2c5978edcf4363317f01d67e4bdae8d2a,0x34d3119a6b983af8eec6bcebd79bc5a235671b5b
0x65b3a5e069997746b67c671e2fc43f45cfe7162b1bd5cdfd529b6aa298b32735,0x5a608c3413e9bd07ff33d3f810aeda905147d2986c77859339e5e5fd28b113cb,0xe697eab7dd26e5d528f7bf73a24a102339d4ac8a,0x6b140e79db4d9bbd80e5b688f42d1fcf8ef97798
0x220790c91c3b776e615ae6c5a00b6a3945e745d9f78685ec9c929bdf54ac955c,0xf1d6b58a00310066599f198957e3dfcc0c0d72405cef8cedf434637dce568d07,0x4bb0bfa344220f20049b82831e476ec3cbe2958d,0x25516d338f2f04e975a5539c069226ae7137a282
0xe2e279e658474d50984f826887693592fe868d99fe4f9282cb4a528828fc69c3,0x03ca9375b3190d740c30c496677c4435423ef3ef0a680cc11f744461932a0947,0x8afeef29e89dcc4a6bbbe9eb61f5b5f8fcd38add,0x57b5a6e1822bb92e9d80652161425e929893d9c6
0x7537db8e20d143b83345bf4dfef14d21436c8c18ec8c881eb7708c689b4a8984,0x61941988d8e71527d8028487295bc6de49c6384f67e91920e0a94e844c3bdbf9,0xcfdd6b04358b303e7b350f81ee2a89757be8b8b6,0xa8840731d8e165fc5e5177d98d4b56f604729fcc
0x4d97937d6a3956c70defc18e0e456aa121bdd0d19f24283e5baa2eb4190a767b,0xd7799223f3d0332af65f952be753116d1f60a6bddfc18f8c81a9a40d3bdf8ade,0x0bb59f0a4b92a4c64e8a42ab22fbcee79f35e9ab,0x152c87044d74040b267b260970187100cd29190e
0x627e3e0895bda6a74c00d2cedc956a34528b59db6861cdfcfa1961993f6500a7,0xcb2f4b88b31fc11c7be487e218ab5ecaf2c655ffe675d05ba5ea67bce457f258,0xb71cadfc6868d734a30630570f461288301fdad0,0x25516d338f2f04e975a5539c069226ae7137a282
0xf900e577f8c1f02cd68d5d6d945f869f028a75bbc0975eb1e4ef7b71abb582f6,0xe53c2b47dbc9a4775f600e1328ca4660008ba975c31163ead906217fa46cc11d,0x4dbc851221e9c4a4d7a35d990d604fdb3fe11c13,0xda273fc0176bd687755cd2531d14aad139615c41
0xe59849a65f2fba5adac71905c95202138bdfb00b92b7f9f8665fd2d55756748a,0x9c742fb3732c0c02499505927345b820bfca2dde1e1fceb049dc24a6f87eea16,0x3fe34cfa795ad8b1f64ef79f2aa2e78c58636617,0xbbda8f5c4b8b92961443b725bfd006fc9c8cacf9
0xb1843ec74771926b14ea04a9d60f550883d15030ccdfe2ae3ebe7006bffd54df,0x9dd58546e77744eedc088e3fb0047390b6a6fc84d5fefa1f523e9d594cffed5f,0x3aa0be9f027e3845d5491315e80f5b7894dcbfe5,0x86cd4467b6baef4b0e34b9508d788483f64a4bb9
0xb48488fea9ec33cae8aada01ac051797a1f0f744686cb90c38384290ef899cea,0x05b77fd953550d40d032f9341c9a83b0b28e1d6bbd5fd3a05f93fbad248dfc90,0x05004bb38c546ee2b2cf90578faeeab407ff0fe1,0x64cf3c97db455f5cae99f68d0c8a442b50db2b09
0xaabdab1c3ec254befe66eb9b019de5c8f5f8ceffd97753069e08ee2c528b4eb1,0x7b5360257b49a1ce24bf74c0fc38c9244bca998f267f784b53f0f54cfb17ce56,0xa2d905addddbfb51cbf9cb4670b2a612990b802c,0xfca7c5cf95821f3d45b9949de6e2846d66af819f
0x8c1e37b3eff2a505134aae787956678898f40e0954e42212ce76deb49bbf868f,0xcd5b08e58b89e6588fbb747c01fb36489b30cd697e1de9654c55076bf422d3b1,0x0e90b2e2c5978edcf4363317f01d67e4bdae8d2a,0x25516d338f2f04e975a5539c069226ae7137a282
0x65b3a5e069997746b67c671e2fc43f45cfe7162b1bd5cdfd529b6aa298b32735,0xcb2f4b88b31fc11c7be487e218ab5ecaf2c655ffe675d05ba5ea67bce457f258,0xe697eab7dd26e5d528f7bf73a24a102339d4ac8a,0x25516d338f2f04e975a5539c069226ae7137a282
0x86a01e67df394553be1693cfd10831eed1421b7d9bd2005556374db18c9498c7,0xc23566a36b9424c39029a3d84892bad4e3ba9914499e581947416ce963f298f4,0x35756b90205f15a40e81380dd9a4b0e051c6c237,0xd2bb5b50650597e912cad917206368925288900a
0xb48488fea9ec33cae8aada01ac051797a1f0f744686cb90c38384290ef899cea,0x79704c167f102b85f8771ea360d90e459e1a5ca4dbd80b9057e8bbf92e16f137,0x05004bb38c546ee2b2cf90578faeeab407ff0fe1,0x64cf3c97db455f5cae99f68d0c8a442b50db2b09
0x220790c91c3b776e615ae6c5a00b6a3945e745d9f78685ec9c929bdf54ac955c,0x9c742fb3732c0c02499505927345b820bfca2dde1e1fceb049dc24a6f87eea16,0x4bb0bfa344220f20049b82831e476ec3cbe2958d,0xbbda8f5c4b8b92961443b725bfd006fc9c8cacf9
0xf4c260bc6bea13f41ed0cff81fa8cce2319fb63625cb60b5ed2b3d0f1dee8245,0xbfaacbb457f69b2bcb5449a9e6b85bc34cca0fd8b406c54274b0fb2940a9a6a8,0x9c8905dba9a44bc8faa197d8f2df50b2a289ccf1,0x64cf3c97db455f5cae99f68d0c8a442b50db2b09
0x77d954dc449231463959526658419c33a81eb5ef07ac5ea5c8d2e00a4ed63e72,0x807da915a1986c3261a5b4e9886f2b4812ad1c3f4ac22473e45024b3f1a4bdf2,0x0966b6c527a36ac0a7a8a006f39056e0b35721ed,0xcc49874fe806a9972a94432f16283f07920d7526
0xe05a5a14935f15e42354900732965d3cfd372f8d61d744b36700dcc74bd87574,0x00e57181fadf5d78730a3cfdc0b23ea948bade16fab433f25111cdaa00c53d00,0x177f9eb85acdd0f6024eaa89ac418d122963a0f9,0x6b140e79db4d9bbd80e5b688f42d1fcf8ef97798
0xda04eb4e3c1c56d26a8f96246c92e9038f0b9be07da4ca9c95486985b1d0f557,0x00e57181fadf5d78730a3cfdc0b23ea948bade16fab433f25111cdaa00c53d00,0x143b2d1a471ef576f8e6c14683b38f1c2e9b4e3e,0x6b140e79db4d9bbd80e5b688f42d1fcf8ef97798
0xb48488fea9ec33cae8aada01ac051797a1f0f744686cb90c38384290ef899cea,0x9c9feeac3038d374e805aaf4c2f4a0108f21211aeabdcce92639201e37f395f2,0x05004bb38c546ee2b2cf90578faeeab407ff0fe1,0x64cf3c97db455f5cae99f68d0c8a442b50db2b09
0xe55f4dd716588caffaf4776dd219bed3a1438ca8370b7c4a67d7964d54c42172,0xf9d15a38990a075ac52e44d90a6bcdfe0fbb0cf986cd2f9606a3ec704da5eac6,0xb8b1387cb3fbedd877283e51933c8438a2ee216b,0x6b140e79db4d9bbd80e5b688f42d1fcf8ef97798
0xd42e1f018661a078f9fd1e96060aa87cdfa74f9346fe558ee0b384da72105c22,0xcc87691e1d1590d457f95c4943a0d2cca8e35c479e74bf77335fa3a576a0ec5f,0x257312b785a37ca412a3787d22b3ac8502f646d9,0x76f5595c5baa46f1db10b109146516f42d9039e4
0x592caabb2e502a3cdc8dbbd1b9c75f7ba175d260cf59afc0c0b6bae4e065391a,0x30aaa98d4dbd6e944f0d41b2171bb93954ad83f6acbf11e3c263a05bc5d540a9,0x8d8c128436da170983fb4228bfe7613a254f58ec,0x6d8e2261dbb239819afccc762db54359f05a59fe
0x21989a54d57d3ab8b659ac2ffc22cdb4c3d751fd5ccdf1e0aeffb61b1f55f2d8,0xbed7c73fae02175e8c11e098206a0ac0efd285bc68b40767c7cacb2ba5e8fb2f,0xcc118264e9182f49e0cf0e00e1c35c273d53c88a,0xca756a3397b60a8ba8ad9421c9a0db9f1830e377
0x842084302b7da16c8849d1e6222167fc5c9755f570dd92206d6ef85a4ef71298,0x96b9bbfd21095ed7ac1ac4630f0d6fde464569011497026630f9bbaaea132a6c,0x0e90b2e2c5978edcf4363317f01d67e4bdae8d2a,0xcfc27d31e70f5b47a55ef5c3ac6350743d2c646e
0x272f7b3c667939b094ad2fdeebb8d56ab9e7aa47ea062517e036801bdfaca110,0x00e57181fadf5d78730a3cfdc0b23ea948bade16fab433f25111cdaa00c53d00,0x37bf8c9d65bab26fef9c716e4d836c18f8a994ae,0x6b140e79db4d9bbd80e5b688f42d1fcf8ef97798
0xcf4a8e1fcd241e8e148abb8fa427231a0666eacb37be10a24fab627a9ec95c4e,0xa94c474c49734ff763ee71e4440be1af48bcf83b4600016766e0b328cc1ace65,0x927fcab79dd5470497e9ccf608c334a243baaef7,0xb3bd22604e895de88074585ac8a05d1a52c2c292
0xe05a5a14935f15e42354900732965d3cfd372f8d61d744b36700dcc74bd87574,0xcb2f4b88b31fc11c7be487e218ab5ecaf2c655ffe675d05ba5ea67bce457f258,0x177f9eb85acdd0f6024eaa89ac418d122963a0f9,0x25516d338f2f04e975a5539c069226ae7137a282
0x5c6708af51eb739dd103c456c200674b2dfac1efff5acc8d14a31f94b112b7bf,0x62d2ff6cd354513240a9639d9b049675a0fc36b96a512ac892fe09e94c0e491c,0x582ff3efe65beecbaf42bb2bb155299241dc929d,0x6b140e79db4d9bbd80e5b688f42d1fcf8ef97798
0xb48488fea9ec33cae8aada01ac051797a1f0f744686cb90c38384290ef899cea,0x0745bd2a01b6643cf288369eba4aef5c5796c6e61f4ec01ff727f0160faaef82,0x05004bb38c546ee2b2cf90578faeeab407ff0fe1,0x38162e9b2a3e088cb71e19d423be1c86500655dc
0xa23b8e4fde26d9cca17d6eb79809a6c5163d12c605b1a54d3998538502bb383b,0xd40cb15b823e181b85d8dac3f1f17ad62ecad1c1774c8233c0542c4481250184,0x6db6662e9b98448b594dc1e0770d569fa63f0e86,0xda273fc0176bd687755cd2531d14aad139615c41
0x7e4fc586b028599f942eb88d5ed3c03c033292fb4edc6affd6b063497194e0b7,0xa99ef05546ce528ab715b1de7a08e96a086be8824be7a21c1606b1c4d95f674d,0x336235a0a80a1c11b001d354057085dc7ea7db10,0xbbc399b06e2e5bda195f733a6cd6f52f1066d1a8
0xfad859f9688f2159722b28dc7445b22ed21ab75a6cc24a86e9e1a4decc28e9f6,0xa4099bddf3b282f927f049997768027cde051008da8dfab193fa2253ac18731c,0xae31cde6a7781245743c74f09772e91a881ce07b,0xfa3ece8188215112477a3ac95e3c6c08712d7116
0x03a3b962e1ddad67d09f3e93d86b54dcd4aac5cdca21ab7b45f182e7ba7df303,0xe772e9377a291c89a0de455e28853fd2523f783c2460e20b7d854f8cb0fa47a4,0x7ec1734fdc65fc3c310f38781a0427bb65b82107,0xb2d1bbddb0da244d4e402e3027dea00c991ab21e
0xb48488fea9ec33cae8aada01ac051797a1f0f744686cb90c38384290ef899cea,0xb9dcab9b862c15be5f2b3996ea0dbb71e359da321d574abef4fdb9fd935ca2af,0x05004bb38c546ee2b2cf90578faeeab407ff0fe1,0x64cf3c97db455f5cae99f68d0c8a442b50db2b09
0x1dbc34f270063d72931452255e41e4a90c73a48cc3b39bc5da9a1eb7b8efce97,0xbed7c73fae02175e8c11e098206a0ac0efd285bc68b40767c7cacb2ba5e8fb2f,0x99302ee216ba0beafae8c664199622feb1e4e6ed,0xca756a3397b60a8ba8ad9421c9a0db9f1830e377
0x1a3b039ffdc111165c83ffb4a55d3ca5e3809a54f2fbb79a6cbf5489fb7cc609,0x03ca9375b3190d740c30c496677c4435423ef3ef0a680cc11f744461932a0947,0x2d5874a52e1866fa93005901f85e1c9f18e3512e,0x57b5a6e1822bb92e9d80652161425e929893d9c6
0x853fc7775a24b906404016ca77df1e42ad2e929c62736cbe9a6988c58c23c41e,0xb4391dc1051d88ebf4b4f174a4fd2e2f7a137a7bb9f07e07164bb4fd04860011,0xe837b03773002af9701cfcccdea14fe3bdf9957a,0x521752d41a21d027d09ebb0654e9541e3118439e
0xf900e577f8c1f02cd68d5d6d945f869f028a75bbc0975eb1e4ef7b71abb582f6,0xd40cb15b823e181b85d8dac3f1f17ad62ecad1c1774c8233c0542c4481250184,0x4dbc851221e9c4a4d7a35d990d604fdb3fe11c13,0xda273fc0176bd687755cd2531d14aad139615c41
0x4a806aeea078cb93e7fe3b3d2bba878cea927cce1cc0362ad93ce1503f2881f8,0x821b6c97979ad25c9ebbc358804c1aef9377e0ee36d528c5a6900e53b3e161c1,0x54f8eb0568e51e85e0284c29270e103651cb00cc,0xdd74ed7c17b2b6349f22cf2d718d04b0926ec35c
0xaabdab1c3ec254befe66eb9b019de5c8f5f8ceffd97753069e08ee2c528b4eb1,0xc23566a36b9424c39029a3d84892bad4e3ba9914499e581947416ce963f298f4,0xa2d905addddbfb51cbf9cb4670b2a612990b802c,0xd2bb5b50650597e912cad917206368925288900a
0xaabdab1c3ec254befe66eb9b019de5c8f5f8ceffd97753069e08ee2c528b4eb1,0xc30a4effc1fb7559042132fb9ae234e01d15c046905a3506f822e813d18c6543,0xa2d905addddbfb51cbf9cb4670b2a612990b802c,0xfca7c5cf95821f3d45b9949de6e2846d66af819f
0x083bee059bffe1993baebce8347052af2ad542b01a4547c3be2277890ef834ba,0xbed7c73fae02175e8c11e098206a0ac0efd285bc68b40767c7cacb2ba5e8fb2f,0x904d3af070a66accdd3642e28044303cc307cb6f,0xca756a3397b60a8ba8ad9421c9a0db9f1830e377
0x8804c805450a0af244b2d0b2a4abf4b083833a6b0eb8baa0af4015ad0bbc90fa,0x998c3d85e0c763f11e191ac6b5b8d7f97143f088e88a60abb100550374e464d1,0x8970d1ed3e79bc30019930cce6c9c2ff3b74db7c,0xbbc399b06e2e5bda195f733a6cd6f52f1066d1a8
0xe60a2bbc9708d7ac6e2ba50fe2e89c80995a3b949cdde9233ad7b7806d9d7fa7,0x3cc611ac68b395905f72183cf2d84df0dbcb3bb86b97b15979a26ac344207fa5,0x212762325b09720b2a588a5a2b157b0ce4ab3e12,0x94596b6a626392f5d972d6cc4d929a42c2f0008c
0xd70989364c585af45361be1cca56ca05348524b7117deeeffb1fca146f8b3e6c,0xd40cb15b823e181b85d8dac3f1f17ad62ecad1c1774c8233c0542c4481250184,0x4dbc851221e9c4a4d7a35d990d604fdb3fe11c13,0xda273fc0176bd687755cd2531d14aad139615c41
0x7537db8e20d143b83345bf4dfef14d21436c8c18ec8c881eb7708c689b4a8984,0x227e9f6b4a780e9e3a92820a819cdb37e151b256a4701a9d8da5b8d6c94ce47d,0xcfdd6b04358b303e7b350f81ee2a89757be8b8b6,0xa8840731d8e165fc5e5177d98d4b56f604729fcc
0x78e12057842529569669f8efde47e9609a530da1230c9adce2e44883d7f18aad,0xb12cf8f8f678697b028c35704785d52b78d1ab13d9b33aa31490691999a97c97,0x1694ec90fbd3b67b4b4f0c7fad73601fc570a842,0x3c9af946c5f73d46b0adba1badb91252d600690e
0xc6b8c83895977d3fbc68aff993bc8a4fc4bb6fcdc6d983c9623f4147e6b2c54b,0xcb2f4b88b31fc11c7be487e218ab5ecaf2c655ffe675d05ba5ea67bce457f258,0x300b950c3e247092844c405abcb832451107bfa9,0x25516d338f2f04e975a5539c069226ae7137a282
0xe88668d421681ba63dc1f29c4462b5adb66de6699480c6a7c38ce513b835f494,0xc7fc1664088b2f742bac2223fb2356f1b61aafa4112c408a907454df529fbf23,0x802187cf5d2d938e92f16b396d62dc25493e351f,0x9d173b3c4f6aeabf066edaea878abc1e6d1b6776
0x627e3e0895bda6a74c00d2cedc956a34528b59db6861cdfcfa1961993f6500a7,0x5a608c3413e9bd07ff33d3f810aeda905147d2986c77859339e5e5fd28b113cb,0xb71cadfc6868d734a30630570f461288301fdad0,0x6b140e79db4d9bbd80e5b688f42d1fcf8ef97798
0xe59849a65f2fba5adac71905c95202138bdfb00b92b7f9f8665fd2d55756748a,0xa1992cce27df2d6b51169b9672400ef38cc87ebbd5d43c7da4738043a572a833,0x3fe34cfa795ad8b1f64ef79f2aa2e78c58636617,0xbbda8f5c4b8b92961443b725bfd006fc9c8cacf9
0x881255e26a9d59ed11954714e30877973b91303a47cbe2a26124124185e26fbc,0xcb2f4b88b31fc11c7be487e218ab5ecaf2c655ffe675d05ba5ea67bce457f258,0x1327f4baf3c282e2808b9b2559c94b3d797d57aa,0x25516d338f2f04e975a5539c069226ae7137a282
0xb0c5c5946a7abf422b1cae19331905f5fdf092a4327e09ae6617f48d734d37c3,0xc23566a36b9424c39029a3d84892bad4e3ba9914499e581947416ce963f298f4,0xa2d905addddbfb51cbf9cb4670b2a612990b802c,0xd2bb5b50650597e912cad917206368925288900a
0xaabdab1c3ec254befe66eb9b019de5c8f5f8ceffd97753069e08ee2c528b4eb1,0x50376b80c9eb9ec84ead96319f8df5846f908313bfb445815eae964f7115742b,0xa2d905addddbfb51cbf9cb4670b2a612990b802c,0xfca7c5cf95821f3d45b9949de6e2846d66af819f
0x65711494108bae98323ae57e1123cf14981b9a9e1faf347d10bfd7babf769910,0x5a608c3413e9bd07ff33d3f810aeda905147d2986c77859339e5e5fd28b113cb,0x582ff3efe65beecbaf42bb2bb155299241dc929d,0x6b140e79db4d9bbd80e5b688f42d1fcf8ef97798
0x4a806aeea078cb93e7fe3b3d2bba878cea927cce1cc0362ad93ce1503f2881f8,0xba9709c180aac3239aa5da3eefdf33b9f7447865a2661047b12f3f827de66292,0x54f8eb0568e51e85e0284c29270e103651cb00cc,0xdd74ed7c17b2b6349f22cf2d718d04b0926ec35c
0xfffbbd544d55f39b8d51884dd8cc56e70dd95dba9e5b2b8bb6f21e8ba4e0bf48,0xedfb8b2b0fa36cc2bdf11933182672a678d065bd88188bea7638664b8ab2f2f1,0x4927af7fc0f772d06a3cbece0b531d49dbe7d36d,0xbbc399b06e2e5bda195f733a6cd6f52f1066d1a8
0x5c6708af51eb739dd103c456c200674b2dfac1efff5acc8d14a31f94b112b7bf,0x9c742fb3732c0c02499505927345b820bfca2dde1e1fceb049dc24a6f87eea16,0x582ff3efe65beecbaf42bb2bb155299241dc929d,0xbbda8f5c4b8b92961443b725bfd006fc9c8cacf9
0x26e12c937b10a026e7131495179f006b8a006e51340b92a1cf4e048d4f7ba5cf,0x9d79c7af3651d459eb614b962ec95d04c6222be50d0689ce73f79fd7fc38ac7f,0x71c0bf30e1c6576dd5236dca6f860b994aa16a06,0xb3bd22604e895de88074585ac8a05d1a52c2c292
0x272f7b3c667939b094ad2fdeebb8d56ab9e7aa47ea062517e036801bdfaca110,0x5a608c3413e9bd07ff33d3f810aeda905147d2986c77859339e5e5fd28b113cb,0x37bf8c9d65bab26fef9c716e4d836c18f8a994ae,0x6b140e79db4d9bbd80e5b688f42d1fcf8ef97798
0xd42e1f018661a078f9fd1e96060aa87cdfa74f9346fe558ee0b384da72105c22,0xd7799223f3d0332af65f952be753116d1f60a6bddfc18f8c81a9a40d3bdf8ade,0x257312b785a37ca412a3787d22b3ac8502f646d9,0x152c87044d74040b267b260970187100cd29190e
0x881255e26a9d59ed11954714e30877973b91303a47cbe2a26124124185e26fbc,0x00e57181fadf5d78730a3cfdc0b23ea948bade16fab433f25111cdaa00c53d00,0x1327f4baf3c282e2808b9b2559c94b3d797d57aa,0x6b140e79db4d9bbd80e5b688f42d1fcf8ef97798
0x65711494108bae98323ae57e1123cf14981b9a9e1faf347d10bfd7babf769910,0xcb2f4b88b31fc11c7be487e218ab5ecaf2c655ffe675d05ba5ea67bce457f258,0x582ff3efe65beecbaf42bb2bb155299241dc929d,0x25516d338f2f04e975a5539c069226ae7137a282
0xb0c5c5946a7abf422b1cae19331905f5fdf092a4327e09ae6617f48d734d37c3,0x1f9677abf17fde2d82c33b012f8ffd253beee68fa7a54fa30ca942f6f4a167eb,0xa2d905addddbfb51cbf9cb4670b2a612990b802c,0xfca7c5cf95821f3d45b9949de6e2846d66af819f
0xf4c260bc6bea13f41ed0cff81fa8cce2319fb63625cb60b5ed2b3d0f1dee8245,0x9c9feeac3038d374e805aaf4c2f4a0108f21211aeabdcce92639201e37f395f2,0x9c8905dba9a44bc8faa197d8f2df50b2a289ccf1,0x64cf3c97db455f5cae99f68d0c8a442b50db2b09
0x5b2f15342f89d341f3217bc6ba04c6cec52fda35a703365fbfa4055ee8aaf283,0xc23566a36b9424c39029a3d84892bad4e3ba9914499e581947416ce963f298f4,0x35756b90205f15a40e81380dd9a4b0e051c6c237,0xd2bb5b50650597e912cad917206368925288900a
0xf970eaaaaf017f0e5e1611aa3e1071f02a03cea25f965071b42776826c9b7e4d,0x00e57181fadf5d78730a3cfdc0b23ea948bade16fab433f25111cdaa00c53d00,0x9bbf5c9c68b1a50334823b47d66f75a1429f4e45,0x6b140e79db4d9bbd80e5b688f42d1fcf8ef97798
0xb48488fea9ec33cae8aada01ac051797a1f0f744686cb90c38384290ef899cea,0xbfaacbb457f69b2bcb5449a9e6b85bc34cca0fd8b406c54274b0fb2940a9a6a8,0x05004bb38c546ee2b2cf90578faeeab407ff0fe1,0x64cf3c97db455f5cae99f68d0c8a442b50db2b09
0x881255e26a9d59ed11954714e30877973b91303a47cbe2a26124124185e26fbc,0x5a608c3413e9bd07ff33d3f810aeda905147d2986c77859339e5e5fd28b113cb,0x1327f4baf3c282e2808b9b2559c94b3d797d57aa,0x6b140e79db4d9bbd80e5b688f42d1fcf8ef97798
0xcf4a8e1fcd241e8e148abb8fa427231a0666eacb37be10a24fab627a9ec95c4e,0x9d79c7af3651d459eb614b962ec95d04c6222be50d0689ce73f79fd7fc38ac7f,0x927fcab79dd5470497e9ccf608c334a243baaef7,0xb3bd22604e895de88074585ac8a05d1a52c2c292
0xd0a525c6a9290babd408a2157666d13d746f9ea458b67a9845353b048da85992,0x5a608c3413e9bd07ff33d3f810aeda905147d2986c77859339e5e5fd28b113cb,0xb8b1387cb3fbedd877283e51933c8438a2ee216b,0x6b140e79db4d9bbd80e5b688f42d1fcf8ef97798
0xb48488fea9ec33cae8aada01ac051797a1f0f744686cb90c38384290ef899cea,0xa9339dbc49a7a7c09758537b84879dcbd7d6cc8410ceec769c615e4eb10d653a,0x05004bb38c546ee2b2cf90578faeeab407ff0fe1,0x64cf3c97db455f5cae99f68d0c8a442b50db2b09
0x39b10d404b0ab1832b9494383c56c1f657ed997844a9765d796910e349c8d82b,0xf1f6ae643d9aa6a3ca222a0d0dfdfacf83a9954b0a51fdd458ab9240e1995158,0x47b92c8374fa13bacacf992bc59799677ebb23f0,0xa9bcd69651596020029d94f77b9f01620cc2ff02
0x2d8c5829cb80cd4ce09bb835cc86a8e672ab5c2e8d30bd93e37b76ee09c57dd2,0x4fb1f5c7f988811439c8b69837e109cc1e0261d87de53d836fefaae682e36ef1,0x644bd3f3a92acea4e2e65f1d5f2b3978ce3f45fa,0x33b148fefd46c30074ac0196a00d558935e73527
0x12d65a1d220b3d0b98033e05d5fe3d3011a6c11f1b628bcfb58363da52845e15,0x4fb1f5c7f988811439c8b69837e109cc1e0261d87de53d836fefaae682e36ef1,0x644bd3f3a92acea4e2e65f1d5f2b3978ce3f45fa,0x33b148fefd46c30074ac0196a00d558935e73527
0xa23b8e4fde26d9cca17d6eb79809a6c5163d12c605b1a54d3998538502bb383b,0x2616433d2a41d501a4ca494e9bc3959325b29479935a0d270d008401f8b15d80,0x6db6662e9b98448b594dc1e0770d569fa63f0e86,0xda273fc0176bd687755cd2531d14aad139615c41
0x07388c9d24f8d073c9c27f180399c789c0c16beddc36b20f0dc9fa01e62eedac,0xd7dd8336c4d2213461c776b953eaf359b9649252d2485951d67609fb41235b45,0x7728915cacf36928795ebd1f655110ca241fd341,0xa5cd0b6c2529ba5f0dbf42c31bb0e5357f4f7943
0xa42ce96ec4a6d6c5e67ac41608834e70f0a3603531dad05b492364cfee2bcf38,0x30aaa98d4dbd6e944f0d41b2171bb93954ad83f6acbf11e3c263a05bc5d540a9,0x13113ccfe609c081bb9a7f7d69484b96b90b39fc,0x6d8e2261dbb239819afccc762db54359f05a59fe
0x65b3a5e069997746b67c671e2fc43f45cfe7162b1bd5cdfd529b6aa298b32735,0x00e57181fadf5d78730a3cfdc0b23ea948bade16fab433f25111cdaa00c53d00,0xe697eab7dd26e5d528f7bf73a24a102339d4ac8a,0x6b140e79db4d9bbd80e5b688f42d1fcf8ef97798
0xf4c260bc6bea13f41ed0cff81fa8cce2319fb63625cb60b5ed2b3d0f1dee8245,0x735dc0e21587340451436e01bdc649c423f00a5fb5087de6c0e45484a5df2bb1,0x9c8905dba9a44bc8faa197d8f2df50b2a289ccf1,0x64cf3c97db455f5cae99f68d0c8a442b50db2b09
0x7e4fc586b028599f942eb88d5ed3c03c033292fb4edc6affd6b063497194e0b7,0xedfb8b2b0fa36cc2bdf11933182672a678d065bd88188bea7638664b8ab2f2f1,0x336235a0a80a1c11b001d354057085dc7ea7db10,0xbbc399b06e2e5bda195f733a6cd6f52f1066d1a8
0xf900e577f8c1f02cd68d5d6d945f869f028a75bbc0975eb1e4ef7b71abb582f6,0x2616433d2a41d501a4ca494e9bc3959325b29479935a0d270d008401f8b15d80,0x4dbc851221e9c4a4d7a35d990d604fdb3fe11c13,0xda273fc0176bd687755cd2531d14aad139615c41
0xf0297a02350c1af937f3a0d4df5c31e0f61381a2f9183d4cb47363f616239775,0xc7fc1664088b2f742bac2223fb2356f1b61aafa4112c408a907454df529fbf23,0x768185987cabdaef1e63d98fb99df21f0ed598aa,0x9d173b3c4f6aeabf066edaea878abc1e6d1b6776
0x708d040244c4e5eb0fa42a681891d0de7b54e1317734558a71cf7708e44d7c7d,0xc517fc062c150cbf27b8ce9cf4d2eaadb2041327528abcd031814a8579674d63,0xa72ef37a06a89245488640c4d2bd60e961f90038,0xb2d1bbddb0da244d4e402e3027dea00c991ab21e
0x1fe23f09e9bf7a37f9c9420057ca034bbc57e93e589dc0725608d3913c046b5c,0xd84f18aefd38f8113fcc2f0a3746aae25ba1e89426d3186b69230efbdb11000c,0x1fcb6e6b023d298428352746f23e6901e975607e,0x1333370d100f6b5b263dfb6b175d68d6ce0f5db0
0xd0a525c6a9290babd408a2157666d13d746f9ea458b67a9845353b048da85992,0x00e57181fadf5d78730a3cfdc0b23ea948bade16fab433f25111cdaa00c53d00,0xb8b1387cb3fbedd877283e51933c8438a2ee216b,0x6b140e79db4d9bbd80e5b688f42d1fcf8ef97798
0x9143ef203c7cf9eeec41d5e27ff8bbf074e13f044d4bd9f1ca5f25f5174ac90d,0x3c389c25e871ba070ccaa60e805cab77731dbadf1269bd88648df04978f3c8b0,0x7021c1b142eb634fa0749cda270c7aff74dc3b7f,0x6b58104c084fc6085465561c40386adea1cf7245
0x2e4b4a8751eb39c60987fe1b398f10f6be2c579bcf1262f0e2e277a365fde42a,0x4dbcdd5d8d790b4d9eb583bf79ec70c8d496624c13a28676fa2974f3e3477250,0x652e01e3d6c46f8720b37e1a7a748b767a8906a3,0x33b148fefd46c30074ac0196a00d558935e73527
0xb48488fea9ec33cae8aada01ac051797a1f0f744686cb90c38384290ef899cea,0x70fa370d72a24f3fd93f69c0a135345c02a969c67efd98e175aed7615e0ecd35,0x05004bb38c546ee2b2cf90578faeeab407ff0fe1,0x64cf3c97db455f5cae99f68d0c8a442b50db2b09
0xb0c5c5946a7abf422b1cae19331905f5fdf092a4327e09ae6617f48d734d37c3,0xc30a4effc1fb7559042132fb9ae234e01d15c046905a3506f822e813d18c6543,0xa2d905addddbfb51cbf9cb4670b2a612990b802c,0xfca7c5cf95821f3d45b9949de6e2846d66af819f
0xb0c5c5946a7abf422b1cae19331905f5fdf092a4327e09ae6617f48d734d37c3,0x7b5360257b49a1ce24bf74c0fc38c9244bca998f267f784b53f0f54cfb17ce56,0xa2d905addddbfb51cbf9cb4670b2a612990b802c,0xfca7c5cf95821f3d45b9949de6e2846d66af819f
0xf4c260bc6bea13f41ed0cff81fa8cce2319fb63625cb60b5ed2b3d0f1dee8245,0x71619aad014e4b112a3655564c5cfd6160e30db9fedff703858d67a9b362589a,0x9c8905dba9a44bc8faa197d8f2df50b2a289ccf1,0x64cf3c97db455f5cae99f68d0c8a442b50db2b09
0x803a00070405f4c88d309de6ecbf333e50564fa82b5f7d258d260f01c78cf0da,0x4fb1f5c7f988811439c8b69837e109cc1e0261d87de53d836fefaae682e36ef1,0x644bd3f3a92acea4e2e65f1d5f2b3978ce3f45fa,0x33b148fefd46c30074ac0196a00d558935e73527
0x2e4b4a8751eb39c60987fe1b398f10f6be2c579bcf1262f0e2e277a365fde42a,0x4fb1f5c7f988811439c8b69837e109cc1e0261d87de53d836fefaae682e36ef1,0x652e01e3d6c46f8720b37e1a7a748b767a8906a3,0x33b148fefd46c30074ac0196a00d558935e73527
0x94635edd7293f46bef9c602de3e5b2edaf9478b8aef9cfe148e93e0cb8fd16a4,0xd84f18aefd38f8113fcc2f0a3746aae25ba1e89426d3186b69230efbdb11000c,0x7cac437746d3ced9ec6ecc678b42142298e29a6b,0x1333370d100f6b5b263dfb6b175d68d6ce0f5db0
0xf4c260bc6bea13f41ed0cff81fa8cce2319fb63625cb60b5ed2b3d0f1dee8245,0xb9dcab9b862c15be5f2b3996ea0dbb71e359da321d574abef4fdb9fd935ca2af,0x9c8905dba9a44bc8faa197d8f2df50b2a289ccf1,0x64cf3c97db455f5cae99f68d0c8a442b50db2b09
0xf4c260bc6bea13f41ed0cff81fa8cce2319fb63625cb60b5ed2b3d0f1dee8245,0x381db3a2802a29c8545117d211583acc8fef38d27234037962ad79a73023f097,0x9c8905dba9a44bc8faa197d8f2df50b2a289ccf1,0x64cf3c97db455f5cae99f68d0c8a442b50db2b09
0x448753029e4f02e294d64b14b39f9292271b2b2098201d55b6912f9da843fb8e,0xa94c474c49734ff763ee71e4440be1af48bcf83b4600016766e0b328cc1ace65,0x8fbc68a7896acf5a94ddaf5201431d83e9953dbb,0xb3bd22604e895de88074585ac8a05d1a52c2c292
0x5243bb162e3612d8cdbe67a88977469c60e70472bd7576ae4bd2fd26000fef3f,0xed2d50a70f17b8e93874f8332c0b4897d7fc5deab12247b9f0f99c5fa8a34685,0x34d3119a6b983af8eec6bcebd79bc5a235671b5b,0xcfc27d31e70f5b47a55ef5c3ac6350743d2c646e
0x87ccf76e84cd3b88639944482ac2c287f635aa94d099cba79add47badcf8e13c,0x821b6c97979ad25c9ebbc358804c1aef9377e0ee36d528c5a6900e53b3e161c1,0x93623f322856e03545c74ce9f1039de25095f0b8,0xdd74ed7c17b2b6349f22cf2d718d04b0926ec35c
0xa689c0d1036e5ca4a7e02374332b1e4b6b31e5ed6229df5cccfb60f1e6588096,0x2a0d761a452e60b9906ffa9a767eaa1431ec7ec5cd4f0d084b30ddf7117cd676,0x1455ecc97058647bd430afa81657f20e999b8c56,0x64cf3c97db455f5cae99f68d0c8a442b50db2b09
0x094bb618bea01c3a0838b232de07234b0e17664a0f41ee6dd11121887bf0fd16,0x30aaa98d4dbd6e944f0d41b2171bb93954ad83f6acbf11e3c263a05bc5d540a9,0x6c5bb391a620294a574b4da3bca5cbabd5654e2a,0x6d8e2261dbb239819afccc762db54359f05a59fe
0xb8d8df80ba4a0e897df38d82025194998f752e369d6a3616fabac2934dd5d514,0xd84f18aefd38f8113fcc2f0a3746aae25ba1e89426d3186b69230efbdb11000c,0x1fcb6e6b023d298428352746f23e6901e975607e,0x1333370d100f6b5b263dfb6b175d68d6ce0f5db0
0xe05a5a14935f15e42354900732965d3cfd372f8d61d744b36700dcc74bd87574,0x5a608c3413e9bd07ff33d3f810aeda905147d2986c77859339e5e5fd28b113cb,0x177f9eb85acdd0f6024eaa89ac418d122963a0f9,0x6b140e79db4d9bbd80e5b688f42d1fcf8ef97798
0xd70989364c585af45361be1cca56ca05348524b7117deeeffb1fca146f8b3e6c,0xe53c2b47dbc9a4775f600e1328ca4660008ba975c31163ead906217fa46cc11d,0x4dbc851221e9c4a4d7a35d990d604fdb3fe11c13,0xda273fc0176bd687755cd2531d14aad139615c41
0xb48488fea9ec33cae8aada01ac051797a1f0f744686cb90c38384290ef899cea,0x97b1310f28e5fbe99b8885b6be4db245d898f4a7848dcae3d067cbb2c710af8e,0x05004bb38c546ee2b2cf90578faeeab407ff0fe1,0x64cf3c97db455f5cae99f68d0c8a442b50db2b09
0xbfd4f6dd93906f2887d80b45ef51b27fcd09a9c603b5b7aef7054e38003d0651,0x7e575abb51cd2c5b95f0a3a3b930a510a86742fb1a34f98689d6939af17b14c0,0xf98f57bd6926e77e341f80e7cc05868aa4682efa,0xd8be3c06fe1fba4e3306daa1fd2a4f86a577873b
